{
  "run_name": "pix2pix_experiment",
  "variant": "proposed",
  "best_epoch": 8,
  "best_val_loss_g": 7.281794347832546,
  "best_metrics": {
    "loss_d": 0.30082756764033236,
    "loss_g": 7.281794347832546,
    "loss_g_gan": 0.2767100280154164,
    "loss_g_l1": 0.06847987721295848,
    "loss_geom": 0.015709661279816878,
    "mae": 0.034239938508088145,
    "psnr": 25.645882599123624,
    "ssim": 0.5658013228673101,
    "rotation_error": 0.015709661269638492
  },
  "checkpoints": {
    "latest": "C:\\Users\\kwame\\vision-final\\checkpoints\\proposed_latest.pt",
    "best": "C:\\Users\\kwame\\vision-final\\checkpoints\\proposed_best.pt"
  },
  "config": {
    "learning_rate": 0.0002,
    "lambda_l1": 100.0,
    "lambda_geom": 10.0,
    "use_geom_loss": true,
    "use_skip_connections": true,
    "batch_size": 2,
    "img_size": 256
  }
}